"Number","AssetId","Filename","Status","SourceURL"
"1","058c0d91-86b1-40aa-9df4-891c83c6ab51","menu-image-001-058c0d91-86b1-40aa-9df4-891c83c6ab51.webp","Downloaded","https://media.finedinemenu.com/filters:strip_exif()/filters:format(webp)/592x592/2qLjvV0Eu/058c0d91-86b1-40aa-9df4-891c83c6ab51.jpeg"
"2","0c7761d5-f9e4-4cf2-9986-f1cb182d1d4e","menu-image-002-0c7761d5-f9e4-4cf2-9986-f1cb182d1d4e.webp","Downloaded","https://media.finedinemenu.com/filters:strip_exif()/filters:format(webp)/592x0/2qLjvV0Eu/0c7761d5-f9e4-4cf2-9986-f1cb182d1d4e.jpeg"
"3","d859dde4-6861-415b-8d8e-409fd012f0a9","menu-image-003-d859dde4-6861-415b-8d8e-409fd012f0a9.webp","Downloaded","https://media.finedinemenu.com/filters:strip_exif()/filters:format(webp)/592x0/2qLjvV0Eu/d859dde4-6861-415b-8d8e-409fd012f0a9.jpeg"
"4","acf0b552-5021-4e30-a1c7-d4657497f7b4","menu-image-004-acf0b552-5021-4e30-a1c7-d4657497f7b4.webp","Downloaded","https://media.finedinemenu.com/filters:strip_exif()/filters:format(webp)/592x592/2qLjvV0Eu/acf0b552-5021-4e30-a1c7-d4657497f7b4.jpeg"
"5","d658d7e0-56ef-46da-8e4b-d45872203969","menu-image-005-d658d7e0-56ef-46da-8e4b-d45872203969.webp","Downloaded","https://media.finedinemenu.com/filters:strip_exif()/filters:format(webp)/592x0/2qLjvV0Eu/d658d7e0-56ef-46da-8e4b-d45872203969.png"
"6","2d5ca4b2-3d27-464a-ad8e-b18063b81578","menu-image-006-2d5ca4b2-3d27-464a-ad8e-b18063b81578.webp","Downloaded","https://media.finedinemenu.com/filters:strip_exif()/filters:format(webp)/592x0/2qLjvV0Eu/2d5ca4b2-3d27-464a-ad8e-b18063b81578.jpeg"
"7","628d7c44-fb07-419e-adbf-91d190838a7a","menu-image-007-628d7c44-fb07-419e-adbf-91d190838a7a.webp","Downloaded","https://media.finedinemenu.com/filters:strip_exif()/filters:format(webp)/592x0/2qLjvV0Eu/628d7c44-fb07-419e-adbf-91d190838a7a.jpeg"
"8","42371531-58d5-4930-a105-3555940e666a","menu-image-008-42371531-58d5-4930-a105-3555940e666a.webp","Downloaded","https://media.finedinemenu.com/filters:strip_exif()/filters:format(webp)/592x592/2qLjvV0Eu/42371531-58d5-4930-a105-3555940e666a.jpeg"
"9","3e7891b9-d1a3-4881-bd91-06ffb2d17cb9","menu-image-009-3e7891b9-d1a3-4881-bd91-06ffb2d17cb9.webp","Downloaded","https://media.finedinemenu.com/filters:strip_exif()/filters:format(webp)/592x0/2qLjvV0Eu/3e7891b9-d1a3-4881-bd91-06ffb2d17cb9.jpeg"
"10","7c5f9fb2-415a-4c5f-8e8e-ba2a96d72926","menu-image-010-7c5f9fb2-415a-4c5f-8e8e-ba2a96d72926.webp","Downloaded","https://media.finedinemenu.com/filters:strip_exif()/filters:format(webp)/592x0/2qLjvV0Eu/7c5f9fb2-415a-4c5f-8e8e-ba2a96d72926.jpeg"
"11","347972e7-cecd-40da-984a-ebc8c49e0867","menu-image-011-347972e7-cecd-40da-984a-ebc8c49e0867.webp","Downloaded","https://media.finedinemenu.com/filters:strip_exif()/filters:format(webp)/1423x474/2qLjvV0Eu/347972e7-cecd-40da-984a-ebc8c49e0867.png"
"12","a1a84a4e-4d53-4882-bfd3-4ba5d5b6a673","menu-image-012-a1a84a4e-4d53-4882-bfd3-4ba5d5b6a673.webp","Downloaded","https://media.finedinemenu.com/filters:strip_exif()/filters:format(webp)/592x0/2qLjvV0Eu/a1a84a4e-4d53-4882-bfd3-4ba5d5b6a673.png"
"13","356b5e6f-3ed3-4d04-af47-270fb5931d65","menu-image-013-356b5e6f-3ed3-4d04-af47-270fb5931d65.webp","Downloaded","https://media.finedinemenu.com/filters:strip_exif()/filters:format(webp)/592x0/2qLjvV0Eu/356b5e6f-3ed3-4d04-af47-270fb5931d65.jpeg"
"14","e96182dc-ee83-4b6a-8fc7-baf11e123abf","menu-image-014-e96182dc-ee83-4b6a-8fc7-baf11e123abf.webp","Downloaded","https://media.finedinemenu.com/filters:strip_exif()/filters:format(webp)/592x0/2qLjvV0Eu/e96182dc-ee83-4b6a-8fc7-baf11e123abf.png"
"15","8d88c7ab-2d65-42aa-8c8b-c83911521c00","menu-image-015-8d88c7ab-2d65-42aa-8c8b-c83911521c00.webp","Downloaded","https://media.finedinemenu.com/filters:strip_exif()/filters:format(webp)/592x592/2qLjvV0Eu/8d88c7ab-2d65-42aa-8c8b-c83911521c00.jpeg"
"16","5b40c3c6-2e40-48c5-8583-e44423f1f756","menu-image-016-5b40c3c6-2e40-48c5-8583-e44423f1f756.webp","Downloaded","https://media.finedinemenu.com/filters:strip_exif()/filters:format(webp)/592x0/2qLjvV0Eu/5b40c3c6-2e40-48c5-8583-e44423f1f756.jpeg"
"17","46b10c09-d31b-4b93-a662-41de217ababe","menu-image-017-46b10c09-d31b-4b93-a662-41de217ababe.webp","Downloaded","https://media.finedinemenu.com/filters:strip_exif()/filters:format(webp)/592x0/2qLjvV0Eu/46b10c09-d31b-4b93-a662-41de217ababe.png"
"18","07824f38-b56a-44a8-9088-6ebadc040360","menu-image-018-07824f38-b56a-44a8-9088-6ebadc040360.webp","Downloaded","https://media.finedinemenu.com/filters:strip_exif()/filters:format(webp)/592x0/2qLjvV0Eu/07824f38-b56a-44a8-9088-6ebadc040360.jpeg"
"19","afa51679-6d7d-425b-b7f8-791ff883feed","menu-image-019-afa51679-6d7d-425b-b7f8-791ff883feed.webp","Downloaded","https://media.finedinemenu.com/filters:strip_exif()/filters:format(webp)/592x592/2qLjvV0Eu/afa51679-6d7d-425b-b7f8-791ff883feed.jpeg"
"20","dc67dfd9-5da2-4599-9e06-fb9dc318eb88","menu-image-020-dc67dfd9-5da2-4599-9e06-fb9dc318eb88.webp","Downloaded","https://media.finedinemenu.com/filters:strip_exif()/filters:format(webp)/592x0/2qLjvV0Eu/dc67dfd9-5da2-4599-9e06-fb9dc318eb88.jpeg"
"21","6f84b9c3-7989-485f-aacf-6162195736dd","menu-image-021-6f84b9c3-7989-485f-aacf-6162195736dd.webp","Downloaded","https://media.finedinemenu.com/filters:strip_exif()/filters:format(webp)/592x592/2qLjvV0Eu/6f84b9c3-7989-485f-aacf-6162195736dd.jpeg"
"22","5e1e39ee-f0ed-4289-b7c1-d6ac48a4c5d8","menu-image-022-5e1e39ee-f0ed-4289-b7c1-d6ac48a4c5d8.webp","Downloaded","https://media.finedinemenu.com/filters:strip_exif()/filters:format(webp)/592x592/2qLjvV0Eu/5e1e39ee-f0ed-4289-b7c1-d6ac48a4c5d8.jpeg"
"23","1d9355ac-f734-41f6-99e0-4b5387498a85","menu-image-023-1d9355ac-f734-41f6-99e0-4b5387498a85.webp","Downloaded","https://media.finedinemenu.com/filters:strip_exif()/filters:format(webp)/592x0/2qLjvV0Eu/1d9355ac-f734-41f6-99e0-4b5387498a85.jpeg"
"24","9273fa4c-f4b0-4f3e-a96c-0ec53b936899","menu-image-024-9273fa4c-f4b0-4f3e-a96c-0ec53b936899.webp","Downloaded","https://media.finedinemenu.com/filters:strip_exif()/filters:format(webp)/592x0/2qLjvV0Eu/9273fa4c-f4b0-4f3e-a96c-0ec53b936899.jpeg"
"25","3cd1a6aa-3eb5-44df-8987-fb93f0667155","menu-image-025-3cd1a6aa-3eb5-44df-8987-fb93f0667155.webp","Downloaded","https://media.finedinemenu.com/filters:strip_exif()/filters:format(webp)/592x0/2qLjvV0Eu/3cd1a6aa-3eb5-44df-8987-fb93f0667155.png"
"26","729294a7-ca67-4461-a311-44971dd6c931","menu-image-026-729294a7-ca67-4461-a311-44971dd6c931.webp","Downloaded","https://media.finedinemenu.com/filters:strip_exif()/filters:format(webp)/592x592/2qLjvV0Eu/729294a7-ca67-4461-a311-44971dd6c931.jpeg"
"27","5c9d5002-f435-4ebf-9491-4251a2be264e","menu-image-027-5c9d5002-f435-4ebf-9491-4251a2be264e.webp","Downloaded","https://media.finedinemenu.com/filters:strip_exif()/filters:format(webp)/592x0/2qLjvV0Eu/5c9d5002-f435-4ebf-9491-4251a2be264e.jpeg"
"28","217d1f7d-f79f-48d2-b60b-9fd1e59af612","menu-image-028-217d1f7d-f79f-48d2-b60b-9fd1e59af612.webp","Downloaded","https://media.finedinemenu.com/filters:strip_exif()/filters:format(webp)/592x0/2qLjvV0Eu/217d1f7d-f79f-48d2-b60b-9fd1e59af612.jpeg"
"29","6df5190e-43c3-4c36-9691-35acfabfb80f","menu-image-029-6df5190e-43c3-4c36-9691-35acfabfb80f.webp","Downloaded","https://media.finedinemenu.com/filters:strip_exif()/filters:format(webp)/592x0/2qLjvV0Eu/6df5190e-43c3-4c36-9691-35acfabfb80f.jpeg"
"30","8e100108-c418-4902-8fd8-5d18ea2da3d1","menu-image-030-8e100108-c418-4902-8fd8-5d18ea2da3d1.webp","Downloaded","https://media.finedinemenu.com/filters:strip_exif()/filters:format(webp)/592x0/2qLjvV0Eu/8e100108-c418-4902-8fd8-5d18ea2da3d1.jpeg"
"31","5a74e2a1-99e0-4bb7-b9a8-a7802b1575a4","menu-image-031-5a74e2a1-99e0-4bb7-b9a8-a7802b1575a4.webp","Downloaded","https://media.finedinemenu.com/filters:strip_exif()/filters:format(webp)/592x592/2qLjvV0Eu/5a74e2a1-99e0-4bb7-b9a8-a7802b1575a4.jpeg"
"32","422769d2-6a57-4260-ada2-cd7cf4fcc933","menu-image-032-422769d2-6a57-4260-ada2-cd7cf4fcc933.webp","Downloaded","https://media.finedinemenu.com/filters:strip_exif()/filters:format(webp)/1423x474/2qLjvV0Eu/422769d2-6a57-4260-ada2-cd7cf4fcc933.png"
"33","6065b12e-d417-494d-8be6-4e2e58c24e24","menu-image-033-6065b12e-d417-494d-8be6-4e2e58c24e24.webp","Downloaded","https://media.finedinemenu.com/filters:strip_exif()/filters:format(webp)/1423x474/2qLjvV0Eu/6065b12e-d417-494d-8be6-4e2e58c24e24.png"
"34","7a359274-e58c-40f9-9422-aac5e011b513","menu-image-034-7a359274-e58c-40f9-9422-aac5e011b513.webp","Downloaded","https://media.finedinemenu.com/filters:strip_exif()/filters:format(webp)/592x592/2qLjvV0Eu/7a359274-e58c-40f9-9422-aac5e011b513.jpeg"
"35","a920c3e4-c95d-44f6-bc4a-10eaa9f6f4fa","menu-image-035-a920c3e4-c95d-44f6-bc4a-10eaa9f6f4fa.webp","Downloaded","https://media.finedinemenu.com/filters:strip_exif()/filters:format(webp)/592x592/2qLjvV0Eu/a920c3e4-c95d-44f6-bc4a-10eaa9f6f4fa.jpeg"
"36","59d2d624-6025-46d8-8d2e-a3be65ad528e","menu-image-036-59d2d624-6025-46d8-8d2e-a3be65ad528e.webp","Downloaded","https://media.finedinemenu.com/filters:strip_exif()/filters:format(webp)/592x592/2qLjvV0Eu/59d2d624-6025-46d8-8d2e-a3be65ad528e.jpeg"
"37","0a08e385-e613-41a6-b82e-e7b45dd0314c","menu-image-037-0a08e385-e613-41a6-b82e-e7b45dd0314c.webp","Downloaded","https://media.finedinemenu.com/filters:strip_exif()/filters:format(webp)/592x0/2qLjvV0Eu/0a08e385-e613-41a6-b82e-e7b45dd0314c.jpeg"
"38","ff06148b-71d7-4bea-b00a-4815b91f46ba","menu-image-038-ff06148b-71d7-4bea-b00a-4815b91f46ba.webp","Downloaded","https://media.finedinemenu.com/filters:strip_exif()/filters:format(webp)/592x592/2qLjvV0Eu/ff06148b-71d7-4bea-b00a-4815b91f46ba.jpeg"
"39","34eb2f68-8544-4955-9e41-3b9a0eb81024","menu-image-039-34eb2f68-8544-4955-9e41-3b9a0eb81024.webp","Downloaded","https://media.finedinemenu.com/filters:strip_exif()/filters:format(webp)/592x0/2qLjvV0Eu/34eb2f68-8544-4955-9e41-3b9a0eb81024.png"
"40","ea6cb5ea-7a8e-4abb-91cc-2a7f35e95c74","menu-image-040-ea6cb5ea-7a8e-4abb-91cc-2a7f35e95c74.webp","Downloaded","https://media.finedinemenu.com/filters:strip_exif()/filters:format(webp)/592x0/2qLjvV0Eu/ea6cb5ea-7a8e-4abb-91cc-2a7f35e95c74.jpeg"
"41","37ceb282-2d7a-43e0-b928-d571a18d07b3","menu-image-041-37ceb282-2d7a-43e0-b928-d571a18d07b3.webp","Downloaded","https://media.finedinemenu.com/filters:strip_exif()/filters:format(webp)/592x0/2qLjvV0Eu/37ceb282-2d7a-43e0-b928-d571a18d07b3.png"
"42","3290b92a-e42f-4505-a88c-9b9a42bfa827","menu-image-042-3290b92a-e42f-4505-a88c-9b9a42bfa827.webp","Downloaded","https://media.finedinemenu.com/filters:strip_exif()/filters:format(webp)/592x0/2qLjvV0Eu/3290b92a-e42f-4505-a88c-9b9a42bfa827.jpeg"
"43","dbdba085-8f5e-43e3-9424-59b9e7c47569","menu-image-043-dbdba085-8f5e-43e3-9424-59b9e7c47569.webp","Downloaded","https://media.finedinemenu.com/filters:strip_exif()/filters:format(webp)/1423x474/2qLjvV0Eu/dbdba085-8f5e-43e3-9424-59b9e7c47569.png"
"44","7821a71b-cccf-4007-9699-28e3c80eb301","menu-image-044-7821a71b-cccf-4007-9699-28e3c80eb301.webp","Downloaded","https://media.finedinemenu.com/filters:strip_exif()/filters:format(webp)/592x0/2qLjvV0Eu/7821a71b-cccf-4007-9699-28e3c80eb301.jpeg"
"45","2da22404-e568-4659-9264-8934116aa965","menu-image-045-2da22404-e568-4659-9264-8934116aa965.webp","Downloaded","https://media.finedinemenu.com/filters:strip_exif()/filters:format(webp)/1423x474/2qLjvV0Eu/2da22404-e568-4659-9264-8934116aa965.jpeg"
"46","c63263bc-e69d-426d-97ca-9e7b08378499","menu-image-046-c63263bc-e69d-426d-97ca-9e7b08378499.webp","Downloaded","https://media.finedinemenu.com/fit-in/filters:strip_exif()/filters:format(webp)/120x58/filters:upscale()/2qLjvV0Eu/c63263bc-e69d-426d-97ca-9e7b08378499.png"
"47","f16f6456-0835-41c9-8067-0ed3b0f3cfb0","menu-image-047-f16f6456-0835-41c9-8067-0ed3b0f3cfb0.webp","Downloaded","https://media.finedinemenu.com/filters:strip_exif()/filters:format(webp)/592x592/2qLjvV0Eu/f16f6456-0835-41c9-8067-0ed3b0f3cfb0.jpeg"
"48","b41f3f3e-ea34-4250-b62a-ef10f5184714","menu-image-048-b41f3f3e-ea34-4250-b62a-ef10f5184714.webp","Downloaded","https://media.finedinemenu.com/filters:strip_exif()/filters:format(webp)/592x0/2qLjvV0Eu/b41f3f3e-ea34-4250-b62a-ef10f5184714.png"
"49","015642c1-350b-43a8-a007-4d658309adb0","menu-image-049-015642c1-350b-43a8-a007-4d658309adb0.webp","Downloaded","https://media.finedinemenu.com/filters:strip_exif()/filters:format(webp)/592x592/2qLjvV0Eu/015642c1-350b-43a8-a007-4d658309adb0.jpeg"
"50","f7655a24-9f1b-41d1-91d5-00a8083eaaf4","menu-image-050-f7655a24-9f1b-41d1-91d5-00a8083eaaf4.webp","Downloaded","https://media.finedinemenu.com/filters:strip_exif()/filters:format(webp)/1431x716/2qLjvV0Eu/f7655a24-9f1b-41d1-91d5-00a8083eaaf4.png"
"51","fba16e6e-a3df-49cd-bc3c-8e284d06cd68","menu-image-051-fba16e6e-a3df-49cd-bc3c-8e284d06cd68.webp","Downloaded","https://media.finedinemenu.com/filters:strip_exif()/filters:format(webp)/592x592/2qLjvV0Eu/fba16e6e-a3df-49cd-bc3c-8e284d06cd68.jpeg"
"52","dbd32763-8b0f-4520-8aa1-cda18b9f5af5","menu-image-052-dbd32763-8b0f-4520-8aa1-cda18b9f5af5.webp","Downloaded","https://media.finedinemenu.com/filters:strip_exif()/filters:format(webp)/592x0/2qLjvV0Eu/dbd32763-8b0f-4520-8aa1-cda18b9f5af5.jpeg"
"53","6e3d5dcb-37f3-493b-ad6a-11fcaff1f155","menu-image-053-6e3d5dcb-37f3-493b-ad6a-11fcaff1f155.webp","Downloaded","https://media.finedinemenu.com/filters:strip_exif()/filters:format(webp)/592x0/2qLjvV0Eu/6e3d5dcb-37f3-493b-ad6a-11fcaff1f155.jpeg"
"54","4fb38ee7-5625-45e3-9ffe-6810a116a23d","menu-image-054-4fb38ee7-5625-45e3-9ffe-6810a116a23d.webp","Downloaded","https://media.finedinemenu.com/filters:strip_exif()/filters:format(webp)/592x0/2qLjvV0Eu/4fb38ee7-5625-45e3-9ffe-6810a116a23d.jpeg"
"55","52c6fa70-98b7-4604-a4db-4745e93aff3f","menu-image-055-52c6fa70-98b7-4604-a4db-4745e93aff3f.webp","Downloaded","https://media.finedinemenu.com/filters:strip_exif()/filters:format(webp)/592x0/2qLjvV0Eu/52c6fa70-98b7-4604-a4db-4745e93aff3f.jpeg"
"56","8105d5a3-7133-4a8c-b171-94c7fb589801","menu-image-056-8105d5a3-7133-4a8c-b171-94c7fb589801.webp","Downloaded","https://media.finedinemenu.com/filters:strip_exif()/filters:format(webp)/1423x474/2qLjvV0Eu/8105d5a3-7133-4a8c-b171-94c7fb589801.png"
"57","ef28f27a-d557-4039-9531-b6c58b7c363f","menu-image-057-ef28f27a-d557-4039-9531-b6c58b7c363f.webp","Downloaded","https://media.finedinemenu.com/filters:strip_exif()/filters:format(webp)/592x592/2qLjvV0Eu/ef28f27a-d557-4039-9531-b6c58b7c363f.jpeg"
"58","774b0fae-536a-4531-958b-1ea8802c389e","menu-image-058-774b0fae-536a-4531-958b-1ea8802c389e.webp","Downloaded","https://media.finedinemenu.com/filters:strip_exif()/filters:format(webp)/592x0/2qLjvV0Eu/774b0fae-536a-4531-958b-1ea8802c389e.png"
"59","c4b31739-3a4e-45d1-9207-4afdddcb3658","menu-image-059-c4b31739-3a4e-45d1-9207-4afdddcb3658.webp","Downloaded","https://media.finedinemenu.com/filters:strip_exif()/filters:format(webp)/1423x474/2qLjvV0Eu/c4b31739-3a4e-45d1-9207-4afdddcb3658.png"
"60","0c54d1f5-9413-44d9-a12c-2058d2008ab8","menu-image-060-0c54d1f5-9413-44d9-a12c-2058d2008ab8.webp","Downloaded","https://media.finedinemenu.com/filters:strip_exif()/filters:format(webp)/592x0/2qLjvV0Eu/0c54d1f5-9413-44d9-a12c-2058d2008ab8.jpeg"
"61","0ee67fce-0262-4056-a59f-c9bdb9d1eabb","menu-image-061-0ee67fce-0262-4056-a59f-c9bdb9d1eabb.webp","Downloaded","https://media.finedinemenu.com/filters:strip_exif()/filters:format(webp)/592x592/2qLjvV0Eu/0ee67fce-0262-4056-a59f-c9bdb9d1eabb.jpeg"
"62","ce66ad95-8254-4032-ade7-bcf097150e04","menu-image-062-ce66ad95-8254-4032-ade7-bcf097150e04.webp","Downloaded","https://media.finedinemenu.com/filters:strip_exif()/filters:format(webp)/592x0/2qLjvV0Eu/ce66ad95-8254-4032-ade7-bcf097150e04.jpeg"
"63","6ff94f62-daa3-4efc-980a-ea4341c673c1","menu-image-063-6ff94f62-daa3-4efc-980a-ea4341c673c1.webp","Downloaded","https://media.finedinemenu.com/filters:strip_exif()/filters:format(webp)/1423x474/2qLjvV0Eu/6ff94f62-daa3-4efc-980a-ea4341c673c1.jpeg"
