Platform,Domain,Opportunity Type,Target Page,Priority,Status,Contact Method,Notes
Google Business,google.com/business,Local Profile,Respective branches,P1,Not Started,Direct Login,Ensure 4 branches are updated
Apple Maps,apple.com/maps,Local Profile,Respective branches,P1,Not Started,Direct Login,Ensure 4 branches are updated
ILoveQatar,iloveqatar.net,Business Directory,/,P1,Not Started,Submission Form,
Time Out Doha,timeoutdoha.com,Editorial Feature,/menu/churros,P1,Not Started,Email Pitch,
Visit Qatar,visitqatar.com,Tourism Directory,/,P1,Not Started,Registration,
Talabat Qatar,talabat.com,Delivery Platform,/,P1,Not Started,Partner Portal,
Snoonu,snoonu.com,Delivery Platform,/,P1,Not Started,Partner Portal,
Qatar Living,qatarliving.com,Classifieds/Guide,/locations,P1,Not Started,Account Creation,
Marhaba Qatar,marhaba.qa,Dining Guide,/menu,P1,Not Started,Submission,
Tripadvisor,tripadvisor.com,Review Profile,Respective branches,P1,Not Started,Claim Listing,
Foursquare,foursquare.com,Review Profile,Respective branches,P1,Not Started,Claim Listing,
FACT Magazine,factqatar.com,Lifestyle Feature,/,P2,Not Started,Email Pitch,
Life on the Wedge,lifeonthewedge.net,Blogger Review,/locations/lusail,P2,Not Started,Instagram/Email,
Qatar Eating,qatareating.com,Restaurant Review,/menu/desserts,P2,Not Started,Email,
Doha Family,dohafamily.com,Community Guide,/locations/duhail,P2,Not Started,Submission,
Yellow Pages QA,yellowpages.qa,Business Directory,/,P2,Not Started,Submission,
Connect QA,connect.com.qa,Business Directory,/,P2,Not Started,Submission,
Ohlala Qatar,ohlalamag.net,Lifestyle Feature,/menu/matcha,P3,Not Started,Email Pitch,
Restaurant Guru,restaurantguru.com,Review Profile,/menu,P2,Not Started,Claim Listing,
Lusail Real Estate,lusail.com,Tenant Listing,/locations/lusail,P1,Not Started,Property Manager,
Downtown Night Market,N/A,Tenant Listing,/locations/downtown,P1,Not Started,Property Manager,
Destination Box,N/A,Tenant Listing,/locations/duhail,P1,Not Started,Property Manager,
